{"cameraMode":{"drawMode":0,"name":"Shaded","section":"Shading Mode"},"sceneLighting":true,"audioPlay":false,"sceneViewState":{"showFog":false,"showMaterialUpdate":false,"showSkybox":false,"showFlares":false,"showImageEffects":false,"showParticleSystems":false},"in2DMode":false,"pivot":{"x":-119.04756927490235,"y":28.493030548095704,"z":56.590450286865237},"rotation":{"x":-0.26253068447113039,"y":0.24650359153747559,"z":-0.07114247232675553,"w":-0.9303479790687561},"size":4.5273213386535648,"orthographic":false}