{"cameraMode":{"drawMode":0,"name":"Shaded","section":"Shading Mode"},"sceneLighting":true,"audioPlay":false,"sceneViewState":{"showFog":false,"showMaterialUpdate":false,"showSkybox":false,"showFlares":false,"showImageEffects":false,"showParticleSystems":false},"in2DMode":false,"pivot":{"x":34.801597595214847,"y":4.307124137878418,"z":3.718578338623047},"rotation":{"x":0.008169811218976975,"y":-0.9914720058441162,"z":0.10448883473873139,"w":0.07748329639434815},"size":3.3509323596954347,"orthographic":false}