{"cameraMode":{"drawMode":0,"name":"Shaded","section":"Shading Mode"},"sceneLighting":true,"audioPlay":false,"sceneViewState":{"showFog":false,"showMaterialUpdate":false,"showSkybox":false,"showFlares":false,"showImageEffects":false,"showParticleSystems":false},"in2DMode":false,"pivot":{"x":35.301063537597659,"y":8.833277702331543,"z":8.681026458740235},"rotation":{"x":-0.0986340343952179,"y":0.9013640880584717,"z":-0.29975205659866335,"w":-0.2970086932182312},"size":7.643622875213623,"orthographic":false}